timeStamp,elapsed,label,responseCode,responseMessage,threadName,dataType,success,failureMessage,bytes,sentBytes,grpThreads,allThreads,URL,Latency,IdleTime,Connect
1537689404759,40,get_login,200,OK,login_make_logout 1-1,text,true,,1371,130,1,4,http://eds_university.eleks.com/login,40,0,21
1537689405006,42,get_login,200,OK,login_logout 4-8,text,true,,1371,130,9,16,http://eds_university.eleks.com/login,42,0,24
1537689405621,42,get_login,200,OK,login_logout 4-26,text,true,,1371,130,27,46,http://eds_university.eleks.com/login,42,0,20
1537689413408,39,get_login,200,OK,login_logout 4-3,text,true,,1371,130,30,50,http://eds_university.eleks.com/login,39,0,17
1537689413407,40,get_login,200,OK,login_logout 4-2,text,true,,1371,130,30,50,http://eds_university.eleks.com/login,40,0,18
1537689413408,41,get_login,200,OK,login_make_delete_logout 2-2,text,true,,1371,130,10,50,http://eds_university.eleks.com/login,41,0,18
1537689413410,39,get_login,200,OK,login_make_delete_logout 2-1,text,true,,1371,130,10,50,http://eds_university.eleks.com/login,39,0,17
1537689413409,44,get_login,200,OK,login_logout 4-1,text,true,,1371,130,30,50,http://eds_university.eleks.com/login,44,0,16
1537689413409,46,get_login,200,OK,login_logout 4-4,text,true,,1371,130,30,50,http://eds_university.eleks.com/login,46,0,17
1537689413406,132,post_login,200,OK,login_make_logout 1-1,text,true,,463,278,5,50,http://193.105.219.194:8080/api/gds-release/v1/auth/login,132,0,18
1537689413539,35,get_login,200,OK,login_logout 4-6,text,true,,1371,130,30,50,http://eds_university.eleks.com/login,35,0,17
1537689414039,36,get_login,200,OK,login_logout 4-9,text,true,,1371,130,30,50,http://eds_university.eleks.com/login,36,0,18
1537689414075,130,post_login,200,OK,login_logout 4-9,text,true,,463,278,30,50,http://193.105.219.194:8080/api/gds-release/v1/auth/login,130,0,16
1537689414206,56,get_login,200,OK,login_logout 4-7,text,true,,1371,130,30,50,http://eds_university.eleks.com/login,55,0,22
1537689413538,1107,get_product_list,200,OK,login_make_logout 1-1,text,true,,1113711,246,5,50,http://193.105.219.194:8080/api/gds-release/v1/products?includeInactive=true,552,0,0
1537689414666,36,get_login,200,OK,login_logout 4-10,text,true,,1371,130,30,50,http://eds_university.eleks.com/login,36,0,17
1537689414262,440,post_login,200,OK,login_logout 4-7,text,true,,463,278,30,50,http://193.105.219.194:8080/api/gds-release/v1/auth/login,440,0,26
1537689414668,36,get_login,200,OK,login_make_delete_logout 2-5,text,true,,1371,130,10,50,http://eds_university.eleks.com/login,36,0,16
1537689414664,39,get_product_family,200,OK,login_make_logout 1-1,text,true,,8609,200,5,50,http://193.105.219.194:8080/api/gds-release/v1/product-family/,39,0,0
1537689414667,38,get_login,200,OK,login_logout 4-12,text,true,,1371,130,30,50,http://eds_university.eleks.com/login,38,0,17
1537689414667,39,get_login,200,OK,login_logout 4-11,text,true,,1371,130,30,50,http://eds_university.eleks.com/login,39,0,18
1537689414669,52,get_login,200,OK,login_make_logout 1-3,text,true,,1371,130,5,50,http://eds_university.eleks.com/login,52,0,18
1537689414668,57,get_login,200,OK,login_delete_logout 3-3,text,true,,1371,130,5,50,http://eds_university.eleks.com/login,57,0,19
1537689414721,165,post_login,200,OK,login_make_logout 1-3,text,true,,463,278,5,50,http://193.105.219.194:8080/api/gds-release/v1/auth/login,165,0,50
1537689414886,82,get_login,200,OK,login_logout 4-15,text,true,,1371,130,30,50,http://eds_university.eleks.com/login,82,0,31
1537689414969,65,get_login,200,OK,login_logout 4-16,text,true,,1371,130,30,50,http://eds_university.eleks.com/login,65,0,32
1537689414205,829,get_product_list,200,OK,login_logout 4-9,text,true,,1113711,246,30,50,http://193.105.219.194:8080/api/gds-release/v1/products?includeInactive=true,402,0,0
1537689415059,911,delete_product,200,OK,login_logout 4-9,text,true,,300,252,30,50,http://193.105.219.194:8080/api/gds-release/v1/products/7395,911,0,0
1537689414969,1011,post_login,200,OK,login_logout 4-15,text,true,,463,278,29,49,http://193.105.219.194:8080/api/gds-release/v1/auth/login,1011,0,32
1537689415035,945,post_login,200,OK,login_logout 4-16,text,true,,463,278,29,49,http://193.105.219.194:8080/api/gds-release/v1/auth/login,945,0,19
1537689415983,46,get_login,200,OK,login_logout 4-19,text,true,,1371,130,29,49,http://eds_university.eleks.com/login,46,0,24
1537689415985,53,get_login,200,OK,login_logout 4-20,text,true,,1371,130,29,49,http://eds_university.eleks.com/login,53,0,22
1537689415987,51,get_login,200,OK,login_logout 4-22,text,true,,1371,130,29,49,http://eds_university.eleks.com/login,51,0,22
1537689415988,51,get_login,200,OK,login_logout 4-24,text,true,,1371,130,29,49,http://eds_university.eleks.com/login,51,0,21
1537689415982,57,get_login,200,OK,login_make_delete_logout 2-7,text,true,,1371,130,10,49,http://eds_university.eleks.com/login,57,0,25
1537689415986,53,get_login,200,OK,login_logout 4-21,text,true,,1371,130,29,49,http://eds_university.eleks.com/login,53,0,23
1537689415988,51,get_login,200,OK,login_logout 4-23,text,true,,1371,130,29,49,http://eds_university.eleks.com/login,51,0,21
1537689415993,48,get_login,200,OK,login_logout 4-27,text,true,,1371,130,29,49,http://eds_university.eleks.com/login,48,0,21
1537689415992,53,get_login,200,OK,login_delete_logout 3-5,text,true,,1371,130,5,49,http://eds_university.eleks.com/login,53,0,22
1537689415991,54,get_login,200,OK,login_make_delete_logout 2-9,text,true,,1371,130,10,49,http://eds_university.eleks.com/login,54,0,23
1537689415991,54,get_login,200,OK,login_logout 4-25,text,true,,1371,130,29,49,http://eds_university.eleks.com/login,54,0,23
1537689415992,53,get_login,200,OK,login_delete_logout 3-1,text,true,,1371,130,5,49,http://eds_university.eleks.com/login,53,0,22
1537689415987,59,get_login,200,OK,login_make_delete_logout 2-8,text,true,,1371,130,10,49,http://eds_university.eleks.com/login,59,0,26
1537689415989,57,get_login,200,OK,login_make_logout 1-5,text,true,,1371,130,5,49,http://eds_university.eleks.com/login,57,0,25
1537689416277,41,get_login,200,OK,login_logout 4-5,text,true,,1371,130,29,49,http://eds_university.eleks.com/login,41,0,17
1537689416277,41,get_login,200,OK,login_logout 4-29,text,true,,1371,130,29,49,http://eds_university.eleks.com/login,41,0,18
1537689416277,41,get_login,200,OK,login_logout 4-30,text,true,,1371,130,29,49,http://eds_university.eleks.com/login,41,0,18
1537689416656,35,get_login,200,OK,login_make_logout 1-2,text,true,,1371,130,5,49,http://eds_university.eleks.com/login,35,0,17
1537689416658,36,get_login,200,OK,login_make_delete_logout 2-3,text,true,,1371,130,10,49,http://eds_university.eleks.com/login,36,0,18
1537689416660,36,get_login,200,OK,login_delete_logout 3-2,text,true,,1371,130,5,49,http://eds_university.eleks.com/login,36,0,18
1537689414886,2005,get_product_list,200,OK,login_make_logout 1-3,text,true,,1113711,246,5,49,http://193.105.219.194:8080/api/gds-release/v1/products?includeInactive=true,889,0,0
1537689416910,70,get_login,200,OK,login_logout 4-13,text,true,,1371,130,29,49,http://eds_university.eleks.com/login,70,0,32
1537689415981,1182,get_product_list,200,OK,login_logout 4-16,text,true,,1113460,246,29,49,http://193.105.219.194:8080/api/gds-release/v1/products?includeInactive=true,416,0,0
1537689417181,39,get_login,200,OK,login_logout 4-14,text,true,,1371,130,29,49,http://eds_university.eleks.com/login,39,0,20
1537689415981,1221,get_product_list,200,OK,login_logout 4-15,text,true,,1113460,246,29,49,http://193.105.219.194:8080/api/gds-release/v1/products?includeInactive=true,760,0,0
1537689415994,1286,post_login,200,OK,login_logout 4-26,text,true,,463,278,29,49,http://193.105.219.194:8080/api/gds-release/v1/auth/login,1286,0,20
1537689416031,1252,post_login,200,OK,login_logout 4-19,text,true,,463,278,29,49,http://193.105.219.194:8080/api/gds-release/v1/auth/login,1252,0,23
1537689416278,1005,post_login,200,OK,login_logout 4-3,text,true,,463,278,29,49,http://193.105.219.194:8080/api/gds-release/v1/auth/login,1005,0,19
1537689417281,36,get_login,200,OK,login_logout 4-18,text,true,,1371,130,29,49,http://eds_university.eleks.com/login,36,0,17
1537689416279,1330,post_login,200,OK,login_logout 4-2,text,true,,463,278,29,49,http://193.105.219.194:8080/api/gds-release/v1/auth/login,1330,0,17
1537689417582,35,get_login,200,OK,login_logout 4-28,text,true,,1371,130,29,49,http://eds_university.eleks.com/login,35,0,17
1537689417581,37,get_login,200,OK,login_delete_logout 3-4,text,true,,1371,130,5,49,http://eds_university.eleks.com/login,37,0,18
1537689417581,38,get_login,200,OK,login_make_delete_logout 2-10,text,true,,1371,130,10,49,http://eds_university.eleks.com/login,38,0,18
1537689416319,1463,post_login,200,OK,login_logout 4-5,text,true,,463,278,29,49,http://193.105.219.194:8080/api/gds-release/v1/auth/login,1463,0,17
1537689418364,37,get_login,200,OK,login_make_delete_logout 2-4,text,true,,1371,130,10,49,http://eds_university.eleks.com/login,37,0,18
1537689416656,1869,post_login,200,OK,login_logout 4-1,text,true,,463,278,29,49,http://193.105.219.194:8080/api/gds-release/v1/auth/login,1869,0,17
1537689416912,1646,post_login,200,OK,login_make_delete_logout 2-5,text,true,,463,278,10,49,http://193.105.219.194:8080/api/gds-release/v1/auth/login,1646,0,29
1537689416661,1897,post_login,200,OK,login_logout 4-4,text,true,,463,278,29,49,http://193.105.219.194:8080/api/gds-release/v1/auth/login,1897,0,17
1537689416658,1901,post_login,200,OK,login_logout 4-6,text,true,,463,278,29,49,http://193.105.219.194:8080/api/gds-release/v1/auth/login,1901,0,20
1537689416660,1899,post_login,200,OK,login_logout 4-8,text,true,,463,278,29,49,http://193.105.219.194:8080/api/gds-release/v1/auth/login,1899,0,18
1537689416909,1652,get_product_family,200,OK,login_make_logout 1-3,text,true,,8609,200,5,49,http://193.105.219.194:8080/api/gds-release/v1/product-family/,1652,0,33
1537689418527,49,get_login,200,OK,login_make_delete_logout 2-6,text,true,,1371,130,10,49,http://eds_university.eleks.com/login,49,0,24
1537689418684,38,get_login,200,OK,login_make_logout 1-4,text,true,,1371,130,5,49,http://eds_university.eleks.com/login,38,0,17
1537689419214,36,get_login,200,OK,login_logout 4-17,text,true,,1371,130,29,49,http://eds_university.eleks.com/login,36,0,17
1537689416911,2562,get_product_list,200,OK,login_logout 4-7,text,true,,1113460,246,29,49,http://193.105.219.194:8080/api/gds-release/v1/products?includeInactive=true,1210,0,31
1537689417181,2329,delete_product,200,OK,login_logout 4-16,text,true,,300,252,29,49,http://193.105.219.194:8080/api/gds-release/v1/products/2299,2329,0,22
1537689416981,2535,post_login,200,OK,login_logout 4-13,text,true,,463,278,28,48,http://193.105.219.194:8080/api/gds-release/v1/auth/login,2535,0,27
1537689416911,2605,post_login,200,OK,login_logout 4-10,text,true,,463,278,28,48,http://193.105.219.194:8080/api/gds-release/v1/auth/login,2605,0,31
1537689417281,2583,get_product_list,200,OK,login_logout 4-26,text,true,,1113460,246,28,48,http://193.105.219.194:8080/api/gds-release/v1/products?includeInactive=true,1271,0,0
1537689417181,2797,post_login,200,OK,login_delete_logout 3-3,text,true,,463,278,5,48,http://193.105.219.194:8080/api/gds-release/v1/auth/login,2797,0,20
1537689417783,2412,get_product_list,200,OK,login_logout 4-5,text,true,,1113193,246,28,48,http://193.105.219.194:8080/api/gds-release/v1/products?includeInactive=true,1718,0,0
1537689417181,3395,post_login,200,OK,login_logout 4-11,text,true,,463,278,28,48,http://193.105.219.194:8080/api/gds-release/v1/auth/login,3395,0,22
1537689417610,2965,get_product_list,200,OK,login_logout 4-2,text,true,,1113193,246,28,48,http://193.105.219.194:8080/api/gds-release/v1/products?includeInactive=true,1883,0,0
1537689417582,3051,post_login,200,OK,login_logout 4-20,text,true,,463,278,28,48,http://193.105.219.194:8080/api/gds-release/v1/auth/login,3051,0,17
1537689417221,3413,post_login,200,OK,login_logout 4-14,text,true,,463,278,28,48,http://193.105.219.194:8080/api/gds-release/v1/auth/login,3413,0,18
1537689417583,3141,post_login,200,OK,login_logout 4-22,text,true,,463,278,28,48,http://193.105.219.194:8080/api/gds-release/v1/auth/login,3141,0,16
1537689418525,2220,get_product_list,200,OK,login_logout 4-1,text,true,,1113193,246,28,48,http://193.105.219.194:8080/api/gds-release/v1/products?includeInactive=true,1480,0,0
1537689417783,3092,post_login,200,OK,login_logout 4-23,text,true,,463,278,28,48,http://193.105.219.194:8080/api/gds-release/v1/auth/login,3092,0,18
1537689417584,3291,post_login,200,OK,login_logout 4-24,text,true,,463,278,28,48,http://193.105.219.194:8080/api/gds-release/v1/auth/login,3291,0,16
1537689418558,2384,get_product_list,200,OK,login_make_delete_logout 2-5,text,true,,1113193,246,10,48,http://193.105.219.194:8080/api/gds-release/v1/products?includeInactive=true,1967,0,0
1537689417785,3264,post_login,200,OK,login_logout 4-27,text,true,,463,278,28,48,http://193.105.219.194:8080/api/gds-release/v1/auth/login,3264,0,18
1537689417786,3342,post_login,200,OK,login_delete_logout 3-5,text,true,,463,278,5,48,http://193.105.219.194:8080/api/gds-release/v1/auth/login,3341,0,18
1537689418096,3032,post_login,200,OK,login_logout 4-25,text,true,,463,278,28,48,http://193.105.219.194:8080/api/gds-release/v1/auth/login,3031,0,20
1537689418098,3199,post_login,200,OK,login_make_delete_logout 2-8,text,true,,463,278,10,48,http://193.105.219.194:8080/api/gds-release/v1/auth/login,3199,0,18
1537689418099,3283,post_login,200,OK,login_delete_logout 3-1,text,true,,463,278,5,48,http://193.105.219.194:8080/api/gds-release/v1/auth/login,3283,0,18
1537689418229,3237,post_login,200,OK,login_make_delete_logout 2-2,text,true,,463,278,10,48,http://193.105.219.194:8080/api/gds-release/v1/auth/login,3237,0,18
1537689418229,3243,post_login,200,OK,login_logout 4-30,text,true,,463,278,28,48,http://193.105.219.194:8080/api/gds-release/v1/auth/login,3243,0,18
1537689418229,3245,post_login,200,OK,login_logout 4-29,text,true,,463,278,28,48,http://193.105.219.194:8080/api/gds-release/v1/auth/login,3245,0,18
1537689418363,3590,post_login,200,OK,login_make_logout 1-2,text,true,,463,278,5,48,http://193.105.219.194:8080/api/gds-release/v1/auth/login,3590,0,17
1537689418402,3656,post_login,200,OK,login_make_delete_logout 2-4,text,true,,463,278,10,48,http://193.105.219.194:8080/api/gds-release/v1/auth/login,3656,0,19
1537689418363,3696,post_login,200,OK,login_make_delete_logout 2-3,text,true,,463,278,10,48,http://193.105.219.194:8080/api/gds-release/v1/auth/login,3696,0,19
1537689418527,3709,post_login,200,OK,login_logout 4-12,text,true,,463,278,28,48,http://193.105.219.194:8080/api/gds-release/v1/auth/login,3708,0,26
1537689418722,3597,post_login,200,OK,login_make_logout 1-4,text,true,,463,278,5,48,http://193.105.219.194:8080/api/gds-release/v1/auth/login,3597,0,18
1537689418832,3573,post_login,200,OK,login_logout 4-28,text,true,,463,278,28,48,http://193.105.219.194:8080/api/gds-release/v1/auth/login,3573,0,18
1537689418832,3659,post_login,200,OK,login_logout 4-21,text,true,,463,278,28,48,http://193.105.219.194:8080/api/gds-release/v1/auth/login,3659,0,18
1537689418684,3809,get_product_list,200,OK,login_logout 4-19,text,true,,1113193,246,28,48,http://193.105.219.194:8080/api/gds-release/v1/products?includeInactive=true,3371,0,17
1537689418832,3739,post_login,200,OK,login_make_delete_logout 2-7,text,true,,463,278,10,48,http://193.105.219.194:8080/api/gds-release/v1/auth/login,3739,0,19
1537689419127,3525,post_login,200,OK,login_make_logout 1-5,text,true,,463,278,5,48,http://193.105.219.194:8080/api/gds-release/v1/auth/login,3525,0,17
1537689419004,3649,post_login,200,OK,login_make_delete_logout 2-10,text,true,,463,278,10,48,http://193.105.219.194:8080/api/gds-release/v1/auth/login,3649,0,16
1537689419127,3705,post_login,200,OK,login_delete_logout 3-2,text,true,,463,278,5,48,http://193.105.219.194:8080/api/gds-release/v1/auth/login,3705,0,19
1537689419128,3899,post_login,200,OK,login_make_delete_logout 2-1,text,true,,463,278,10,48,http://193.105.219.194:8080/api/gds-release/v1/auth/login,3899,0,19
1537689419251,3880,post_login,200,OK,login_logout 4-17,text,true,,463,278,28,48,http://193.105.219.194:8080/api/gds-release/v1/auth/login,3880,0,16
1537689419376,3755,post_product,200,OK,login_make_logout 1-3,text,true,,581,482,5,48,http://193.105.219.194:8080/api/gds-release/v1/products,3755,0,35
1537689419492,3713,delete_product,200,OK,login_logout 4-7,text,true,,300,252,28,48,http://193.105.219.194:8080/api/gds-release/v1/products/3896,3713,0,25
1537689419375,4694,post_login,200,OK,login_make_delete_logout 2-6,text,true,,463,278,10,47,http://193.105.219.194:8080/api/gds-release/v1/auth/login,4694,0,36
1537689419214,4951,get_product_list,200,OK,login_logout 4-4,text,true,,1113193,246,27,47,http://193.105.219.194:8080/api/gds-release/v1/products?includeInactive=true,3808,0,18
1537689419608,4580,delete_product,200,OK,login_logout 4-15,text,true,,300,252,27,47,http://193.105.219.194:8080/api/gds-release/v1/products/3445,4580,0,28
1537689419494,5028,post_login,200,OK,login_logout 4-18,text,true,,463,278,26,46,http://193.105.219.194:8080/api/gds-release/v1/auth/login,5028,0,23
1537689419494,5028,post_login,200,OK,login_delete_logout 3-4,text,true,,463,278,5,46,http://193.105.219.194:8080/api/gds-release/v1/auth/login,5028,0,29
1537689419608,4915,post_product,200,OK,login_make_logout 1-1,text,true,,581,482,5,46,http://193.105.219.194:8080/api/gds-release/v1/products,4915,0,37
1537689419882,5037,delete_product,200,OK,login_logout 4-26,text,true,,300,252,26,46,http://193.105.219.194:8080/api/gds-release/v1/products/3502,5037,0,23
1537689419696,5823,post_login,200,OK,login_make_delete_logout 2-9,text,true,,463,278,10,45,http://193.105.219.194:8080/api/gds-release/v1/auth/login,5823,0,52
1537689419978,5623,logout_post,200,OK,login_delete_logout 3-3,,true,,251,250,5,45,http://193.105.219.194:8080/api/gds-release/v1/auth/logout,5623,0,17
1537689420221,5414,delete_product,200,OK,login_logout 4-5,text,true,,300,252,25,45,http://193.105.219.194:8080/api/gds-release/v1/products/4435,5414,0,19
1537689419375,6379,get_product_list,200,OK,login_logout 4-8,text,true,,1113182,246,24,44,http://193.105.219.194:8080/api/gds-release/v1/products?includeInactive=true,4686,0,37
1537689420598,5350,delete_product,200,OK,login_logout 4-2,text,true,,300,252,24,44,http://193.105.219.194:8080/api/gds-release/v1/products/2721,5350,0,35
1537689419608,6509,get_product_list,200,OK,login_logout 4-6,text,true,,1112920,246,23,43,http://193.105.219.194:8080/api/gds-release/v1/products?includeInactive=true,4909,0,23
1537689419780,7351,get_product_list,200,OK,login_logout 4-10,text,true,,1113171,246,23,43,http://193.105.219.194:8080/api/gds-release/v1/products?includeInactive=true,5141,0,52
1537689420764,6672,delete_product,200,OK,login_logout 4-1,text,true,,300,252,23,43,http://193.105.219.194:8080/api/gds-release/v1/products/2937,6672,0,34
1537689419695,7785,get_product_list,200,OK,login_logout 4-13,text,true,,1113171,246,22,42,http://193.105.219.194:8080/api/gds-release/v1/products?includeInactive=true,5878,0,53
1537689419780,8014,get_product_list,200,OK,login_logout 4-3,text,true,,1112909,246,22,42,http://193.105.219.194:8080/api/gds-release/v1/products?includeInactive=true,5820,0,54
1537689420959,6953,get_product_family,200,OK,login_make_delete_logout 2-5,text,true,,8609,200,10,42,http://193.105.219.194:8080/api/gds-release/v1/product-family/,6953,0,18
1537689421128,6786,logout_post,200,OK,login_delete_logout 3-5,,true,,251,250,5,42,http://193.105.219.194:8080/api/gds-release/v1/auth/logout,6786,0,17
1537689420576,7374,get_product_list,200,OK,login_logout 4-11,text,true,,1112650,246,22,42,http://193.105.219.194:8080/api/gds-release/v1/products?includeInactive=true,5371,0,44
1537689420724,7680,get_product_list,200,OK,login_logout 4-22,text,true,,1112458,246,22,42,http://193.105.219.194:8080/api/gds-release/v1/products?includeInactive=true,6277,0,40
1537689420634,7838,get_product_list,200,OK,login_logout 4-20,text,true,,1112458,246,22,42,http://193.105.219.194:8080/api/gds-release/v1/products?includeInactive=true,6309,0,50
1537689420634,7863,get_product_list,200,OK,login_logout 4-14,text,true,,1112458,246,22,42,http://193.105.219.194:8080/api/gds-release/v1/products?includeInactive=true,6335,0,50
1537689421384,7566,logout_post,200,OK,login_delete_logout 3-1,,true,,251,250,5,42,http://193.105.219.194:8080/api/gds-release/v1/auth/logout,7566,0,17
1537689420876,9008,get_product_list,200,OK,login_logout 4-24,text,true,,1112196,246,22,42,http://193.105.219.194:8080/api/gds-release/v1/products?includeInactive=true,6559,0,21
1537689420876,9321,get_product_list,200,OK,login_logout 4-23,text,true,,1112196,246,22,42,http://193.105.219.194:8080/api/gds-release/v1/products?includeInactive=true,6986,0,21
1537689421298,9569,get_product_list,200,OK,login_make_delete_logout 2-8,text,true,,1112196,246,10,42,http://193.105.219.194:8080/api/gds-release/v1/products?includeInactive=true,7650,0,18
1537689421051,9819,get_product_list,200,OK,login_logout 4-27,text,true,,1112196,246,22,42,http://193.105.219.194:8080/api/gds-release/v1/products?includeInactive=true,7159,0,20
1537689421128,9759,get_product_list,200,OK,login_logout 4-25,text,true,,1112196,246,22,42,http://193.105.219.194:8080/api/gds-release/v1/products?includeInactive=true,7768,0,19
1537689421467,10177,get_product_list,200,OK,login_make_delete_logout 2-2,text,true,,1112196,246,10,42,http://193.105.219.194:8080/api/gds-release/v1/products?includeInactive=true,8390,0,18
1537689421475,11006,get_product_list,200,OK,login_logout 4-29,text,true,,1112196,246,22,42,http://193.105.219.194:8080/api/gds-release/v1/products?includeInactive=true,9077,0,17
1537689422060,10999,get_product_list,200,OK,login_make_delete_logout 2-4,text,true,,1112196,246,10,42,http://193.105.219.194:8080/api/gds-release/v1/products?includeInactive=true,9174,0,17
1537689421474,11672,get_product_list,200,OK,login_logout 4-30,text,true,,1112196,246,22,42,http://193.105.219.194:8080/api/gds-release/v1/products?includeInactive=true,8724,0,17
1537689422511,11146,delete_product,200,OK,login_logout 4-19,text,true,,300,252,22,42,http://193.105.219.194:8080/api/gds-release/v1/products/5675,11146,0,16
1537689421954,11729,get_product_list,200,OK,login_make_logout 1-2,text,true,,1112196,246,5,41,http://193.105.219.194:8080/api/gds-release/v1/products?includeInactive=true,8913,0,21
1537689422237,12214,get_product_list,200,OK,login_logout 4-12,text,true,,1112196,246,21,41,http://193.105.219.194:8080/api/gds-release/v1/products?includeInactive=true,10167,0,23
1537689422060,12596,get_product_list,200,OK,login_make_delete_logout 2-3,text,true,,1112196,246,10,41,http://193.105.219.194:8080/api/gds-release/v1/products?includeInactive=true,9534,0,18
1537689422834,12506,logout_post,200,OK,login_delete_logout 3-2,,true,,251,250,5,41,http://193.105.219.194:8080/api/gds-release/v1/auth/logout,12506,0,16
1537689422321,13128,get_product_list,200,OK,login_make_logout 1-4,text,true,,1112196,246,5,41,http://193.105.219.194:8080/api/gds-release/v1/products?includeInactive=true,10730,0,23
1537689422408,13202,get_product_list,200,OK,login_logout 4-28,text,true,,1112196,246,21,41,http://193.105.219.194:8080/api/gds-release/v1/products?includeInactive=true,11227,0,21
1537689423134,12593,logout_post,200,OK,login_make_logout 1-3,,true,,251,250,5,41,http://193.105.219.194:8080/api/gds-release/v1/auth/logout,12593,0,23
1537689422492,13454,get_product_list,200,OK,login_logout 4-21,text,true,,1111927,246,21,40,http://193.105.219.194:8080/api/gds-release/v1/products?includeInactive=true,11167,0,21
1537689424187,12174,delete_product,200,OK,login_logout 4-4,text,true,,300,252,21,40,http://193.105.219.194:8080/api/gds-release/v1/products/6354,12174,0,16
1537689424524,11846,logout_post,200,OK,login_delete_logout 3-4,,true,,251,250,5,39,http://193.105.219.194:8080/api/gds-release/v1/auth/logout,11846,0,23
1537689422572,13892,get_product_list,200,OK,login_make_delete_logout 2-7,text,true,,1111927,246,10,39,http://193.105.219.194:8080/api/gds-release/v1/products?includeInactive=true,11474,0,24
1537689422655,13842,get_product_list,200,OK,login_make_delete_logout 2-10,text,true,,1111927,246,10,39,http://193.105.219.194:8080/api/gds-release/v1/products?includeInactive=true,11820,0,16
1537689424525,12203,logout_post,200,OK,login_make_logout 1-1,,true,,251,250,4,39,http://193.105.219.194:8080/api/gds-release/v1/auth/logout,12203,0,24
1537689425602,11156,logout_post,200,OK,login_delete_logout 3-3,,true,,251,250,5,38,http://193.105.219.194:8080/api/gds-release/v1/auth/logout,11156,0,57
1537689427505,9623,delete_product,200,OK,login_logout 4-13,text,true,,300,252,20,37,http://193.105.219.194:8080/api/gds-release/v1/products/5716,9623,0,53
1537689427175,9953,delete_product,200,OK,login_logout 4-10,text,true,,300,252,20,37,http://193.105.219.194:8080/api/gds-release/v1/products/5646,9953,0,35
1537689427822,9312,delete_product,200,OK,login_logout 4-3,text,true,,300,252,18,35,http://193.105.219.194:8080/api/gds-release/v1/products/6587,9312,0,18
1537689427916,9223,logout_post,200,OK,login_delete_logout 3-5,,true,,251,250,4,34,http://193.105.219.194:8080/api/gds-release/v1/auth/logout,9223,0,59
1537689427915,9225,post_product,200,OK,login_make_delete_logout 2-5,text,true,,581,482,10,33,http://193.105.219.194:8080/api/gds-release/v1/products,9225,0,58
1537689428520,8620,delete_product,200,OK,login_logout 4-14,text,true,,300,252,17,33,http://193.105.219.194:8080/api/gds-release/v1/products/7042,8620,0,18
1537689428429,8711,delete_product,200,OK,login_logout 4-22,text,true,,300,252,17,33,http://193.105.219.194:8080/api/gds-release/v1/products/3404,8711,0,33
1537689427972,9168,delete_product,200,OK,login_logout 4-11,text,true,,300,252,17,33,http://193.105.219.194:8080/api/gds-release/v1/products/5258,9168,0,46
1537689428495,8645,delete_product,200,OK,login_logout 4-20,text,true,,300,252,17,33,http://193.105.219.194:8080/api/gds-release/v1/products/6591,8645,0,23
1537689428951,8190,logout_post,200,OK,login_delete_logout 3-1,,true,,251,250,3,30,http://193.105.219.194:8080/api/gds-release/v1/auth/logout,8190,0,21
1537689429906,7235,delete_product,200,OK,login_logout 4-24,text,true,,300,252,14,30,http://193.105.219.194:8080/api/gds-release/v1/products/7116,7235,0,17
1537689430215,6932,delete_product,200,OK,login_logout 4-23,text,true,,300,252,12,28,http://193.105.219.194:8080/api/gds-release/v1/products/7220,6931,0,39
1537689430898,6251,delete_product,200,OK,login_logout 4-27,text,true,,300,252,12,28,http://193.105.219.194:8080/api/gds-release/v1/products/2360,6251,0,30
1537689430894,6263,get_product_family,200,OK,login_make_delete_logout 2-8,text,true,,8609,200,10,25,http://193.105.219.194:8080/api/gds-release/v1/product-family/,6263,0,27
1537689432509,4700,delete_product,200,OK,login_logout 4-29,text,true,,300,252,10,25,http://193.105.219.194:8080/api/gds-release/v1/products/7387,4700,0,19
1537689431678,5531,get_product_family,200,OK,login_make_delete_logout 2-2,text,true,,8609,200,10,25,http://193.105.219.194:8080/api/gds-release/v1/product-family/,5531,0,89
1537689433087,4135,get_product_family,200,OK,login_make_delete_logout 2-4,text,true,,8609,200,10,24,http://193.105.219.194:8080/api/gds-release/v1/product-family/,4135,0,27
1537689433191,4031,delete_product,200,OK,login_logout 4-30,text,true,,300,252,9,24,http://193.105.219.194:8080/api/gds-release/v1/products/2882,4031,0,51
1537689433699,3537,get_product_family,200,OK,login_make_logout 1-2,text,true,,8609,200,3,23,http://193.105.219.194:8080/api/gds-release/v1/product-family/,3537,0,29
1537689434474,2771,delete_product,200,OK,login_logout 4-12,text,true,,300,252,8,23,http://193.105.219.194:8080/api/gds-release/v1/products/6096,2771,0,40
1537689434700,2548,get_product_family,200,OK,login_make_delete_logout 2-3,text,true,,8609,200,10,22,http://193.105.219.194:8080/api/gds-release/v1/product-family/,2548,0,24
1537689435340,1912,logout_post,200,OK,login_delete_logout 3-2,,true,,251,250,2,22,http://193.105.219.194:8080/api/gds-release/v1/auth/logout,1912,0,33
1537689435632,1624,delete_product,200,OK,login_logout 4-28,text,true,,300,252,7,21,http://193.105.219.194:8080/api/gds-release/v1/products/6170,1624,0,18
1537689435968,1288,delete_product,200,OK,login_logout 4-21,text,true,,300,252,7,21,http://193.105.219.194:8080/api/gds-release/v1/products/5313,1288,0,16
1537689435491,1765,get_product_family,200,OK,login_make_logout 1-4,text,true,,8609,200,3,21,http://193.105.219.194:8080/api/gds-release/v1/product-family/,1765,0,41
1537689436480,787,get_product_family,200,OK,login_make_delete_logout 2-7,text,true,,8609,200,10,19,http://193.105.219.194:8080/api/gds-release/v1/product-family/,787,0,57
1537689436540,768,get_product_family,200,OK,login_make_delete_logout 2-10,text,true,,8609,200,10,19,http://193.105.219.194:8080/api/gds-release/v1/product-family/,768,0,24
1537689423028,14224,get_product_list,200,OK,login_make_delete_logout 2-1,text,true,,1111927,246,10,22,http://193.105.219.194:8080/api/gds-release/v1/products?includeInactive=true,12656,0,19
1537689426136,11204,delete_product,200,OK,login_logout 4-6,text,true,,300,252,5,19,http://193.105.219.194:8080/api/gds-release/v1/products/6708,11204,0,32
1537689425778,11567,delete_product,200,OK,login_logout 4-8,text,true,,300,252,4,18,http://193.105.219.194:8080/api/gds-release/v1/products/2971,11567,0,44
1537689423133,14228,get_product_list,200,OK,login_logout 4-17,text,true,,1111927,246,3,17,http://193.105.219.194:8080/api/gds-release/v1/products?includeInactive=true,12893,0,23
1537689430915,6488,delete_product,200,OK,login_logout 4-25,text,true,,300,252,3,17,http://193.105.219.194:8080/api/gds-release/v1/products/4578,6488,0,30
1537689422654,14890,get_product_list,200,OK,login_make_logout 1-5,text,true,,1111927,246,3,16,http://193.105.219.194:8080/api/gds-release/v1/products?includeInactive=true,12676,0,19
1537689437159,482,post_product,200,OK,login_make_delete_logout 2-8,text,true,,581,482,10,16,http://193.105.219.194:8080/api/gds-release/v1/products,482,0,52
1537689437258,391,post_product,200,OK,login_make_logout 1-4,text,true,,581,482,3,16,http://193.105.219.194:8080/api/gds-release/v1/products,391,0,0
1537689437268,382,post_product,200,OK,login_make_delete_logout 2-7,text,true,,581,482,10,16,http://193.105.219.194:8080/api/gds-release/v1/products,382,0,0
1537689437211,444,post_product,200,OK,login_make_delete_logout 2-2,text,true,,581,482,10,16,http://193.105.219.194:8080/api/gds-release/v1/products,444,0,35
1537689437309,346,post_product,200,OK,login_make_delete_logout 2-10,text,true,,581,482,10,16,http://193.105.219.194:8080/api/gds-release/v1/products,346,0,0
1537689437223,464,post_product,200,OK,login_make_delete_logout 2-4,text,true,,581,482,10,16,http://193.105.219.194:8080/api/gds-release/v1/products,464,0,30
1537689437238,456,post_product,200,OK,login_make_logout 1-2,text,true,,581,482,3,16,http://193.105.219.194:8080/api/gds-release/v1/products,456,0,46
1537689436371,1325,logout_post,200,OK,login_delete_logout 3-4,,true,,251,250,1,16,http://193.105.219.194:8080/api/gds-release/v1/auth/logout,1325,0,1017
1537689437249,447,post_product,200,OK,login_make_delete_logout 2-3,text,true,,581,482,10,16,http://193.105.219.194:8080/api/gds-release/v1/products,447,0,59
1537689437311,385,get_product_family,200,OK,login_make_delete_logout 2-1,text,true,,8609,200,10,16,http://193.105.219.194:8080/api/gds-release/v1/product-family/,384,0,30
1537689437385,313,delete_product,200,OK,login_logout 4-17,text,true,,300,252,2,15,http://193.105.219.194:8080/api/gds-release/v1/products/3757,313,0,46
1537689437561,151,get_product_family,200,OK,login_make_logout 1-5,text,true,,8609,200,3,14,http://193.105.219.194:8080/api/gds-release/v1/product-family/,151,0,18
1537689424071,13669,get_product_list,200,OK,login_make_delete_logout 2-6,text,true,,1111658,246,10,14,http://193.105.219.194:8080/api/gds-release/v1/products?includeInactive=true,12294,0,24
1537689424524,13391,get_product_list,200,OK,login_logout 4-18,text,true,,1111658,246,1,14,http://193.105.219.194:8080/api/gds-release/v1/products?includeInactive=true,12202,0,23
1537689437695,1469,logout_post,200,OK,login_make_logout 1-2,,true,,251,250,3,14,http://193.105.219.194:8080/api/gds-release/v1/auth/logout,1469,0,0
1537689437649,2146,logout_post,200,OK,login_make_logout 1-4,,true,,251,250,2,13,http://193.105.219.194:8080/api/gds-release/v1/auth/logout,2146,0,38
1537689437697,2598,post_product,200,OK,login_make_delete_logout 2-1,text,true,,581,482,10,12,http://193.105.219.194:8080/api/gds-release/v1/products,2598,0,0
1537689437712,2605,post_product,200,OK,login_make_logout 1-5,text,true,,581,482,1,12,http://193.105.219.194:8080/api/gds-release/v1/products,2605,0,0
1537689437759,2558,get_product_family,200,OK,login_make_delete_logout 2-6,text,true,,8609,200,10,12,http://193.105.219.194:8080/api/gds-release/v1/product-family/,2558,0,42
1537689437939,2380,delete_product,200,OK,login_logout 4-18,text,true,,300,252,1,12,http://193.105.219.194:8080/api/gds-release/v1/products/6683,2380,0,19
1537689425522,15054,get_product_list,200,OK,login_make_delete_logout 2-9,text,true,,1111658,246,10,11,http://193.105.219.194:8080/api/gds-release/v1/products?includeInactive=true,11561,0,20
1537689440317,433,post_product,200,OK,login_make_delete_logout 2-6,text,true,,581,482,10,11,http://193.105.219.194:8080/api/gds-release/v1/products,433,0,54
1537689440317,438,logout_post,200,OK,login_make_logout 1-5,,true,,251,250,1,11,http://193.105.219.194:8080/api/gds-release/v1/auth/logout,438,0,58
1537689440601,171,get_product_family,200,OK,login_make_delete_logout 2-9,text,true,,8609,200,10,10,http://193.105.219.194:8080/api/gds-release/v1/product-family/,171,0,41
1537689437141,3843,get_product_list,200,OK,login_make_delete_logout 2-5,text,true,,1107252,246,10,10,http://193.105.219.194:8080/api/gds-release/v1/products?includeInactive=true,475,0,69
1537689437641,3436,get_product_list,200,OK,login_make_delete_logout 2-8,text,true,,1108998,246,10,10,http://193.105.219.194:8080/api/gds-release/v1/products?includeInactive=true,1380,0,0
1537689441005,132,delete_product,200,OK,login_make_delete_logout 2-5,text,true,,300,252,10,10,http://193.105.219.194:8080/api/gds-release/v1/products/6200,132,0,33
1537689440772,365,post_product,200,OK,login_make_delete_logout 2-9,text,true,,581,482,10,10,http://193.105.219.194:8080/api/gds-release/v1/products,365,0,0
1537689437696,3450,get_product_list,200,OK,login_make_delete_logout 2-3,text,true,,1108998,246,10,10,http://193.105.219.194:8080/api/gds-release/v1/products?includeInactive=true,2067,0,0
1537689441137,53,logout_post,200,OK,login_make_delete_logout 2-5,,true,,251,250,10,10,http://193.105.219.194:8080/api/gds-release/v1/auth/logout,53,0,0
1537689437650,3643,get_product_list,200,OK,login_make_delete_logout 2-7,text,true,,1108998,246,9,9,http://193.105.219.194:8080/api/gds-release/v1/products?includeInactive=true,442,0,0
1537689441097,486,delete_product,200,OK,login_make_delete_logout 2-8,text,true,,300,252,9,9,http://193.105.219.194:8080/api/gds-release/v1/products/4495,486,0,47
1537689441313,271,delete_product,200,OK,login_make_delete_logout 2-7,text,true,,300,252,9,9,http://193.105.219.194:8080/api/gds-release/v1/products/6642,271,0,43
1537689441180,404,delete_product,200,OK,login_make_delete_logout 2-3,text,true,,300,252,9,9,http://193.105.219.194:8080/api/gds-release/v1/products/5433,404,0,42
1537689437655,3920,get_product_list,200,OK,login_make_delete_logout 2-2,text,true,,1108998,246,9,9,http://193.105.219.194:8080/api/gds-release/v1/products?includeInactive=true,1405,0,0
1537689441584,55,logout_post,200,OK,login_make_delete_logout 2-7,,true,,251,250,9,9,http://193.105.219.194:8080/api/gds-release/v1/auth/logout,55,0,0
1537689441584,55,logout_post,200,OK,login_make_delete_logout 2-3,,true,,251,250,8,8,http://193.105.219.194:8080/api/gds-release/v1/auth/logout,55,0,0
1537689441583,62,logout_post,200,OK,login_make_delete_logout 2-8,,true,,251,250,7,7,http://193.105.219.194:8080/api/gds-release/v1/auth/logout,62,0,0
1537689441599,123,delete_product,200,OK,login_make_delete_logout 2-2,text,true,,300,252,6,6,http://193.105.219.194:8080/api/gds-release/v1/products/6631,123,0,61
1537689441722,75,logout_post,200,OK,login_make_delete_logout 2-2,,true,,251,250,6,6,http://193.105.219.194:8080/api/gds-release/v1/auth/logout,75,0,0
1537689437688,4136,get_product_list,200,OK,login_make_delete_logout 2-4,text,true,,1108998,246,5,5,http://193.105.219.194:8080/api/gds-release/v1/products?includeInactive=true,2099,0,0
1537689437655,4215,get_product_list,200,OK,login_make_delete_logout 2-10,text,true,,1108998,246,5,5,http://193.105.219.194:8080/api/gds-release/v1/products?includeInactive=true,1422,0,0
1537689441843,110,delete_product,200,OK,login_make_delete_logout 2-4,text,true,,300,252,5,5,http://193.105.219.194:8080/api/gds-release/v1/products/6983,110,0,65
1537689441910,127,delete_product,200,OK,login_make_delete_logout 2-10,text,true,,300,252,5,5,http://193.105.219.194:8080/api/gds-release/v1/products/3282,127,0,24
1537689441953,86,logout_post,200,OK,login_make_delete_logout 2-4,,true,,251,250,5,5,http://193.105.219.194:8080/api/gds-release/v1/auth/logout,86,0,0
1537689440296,1734,get_product_list,200,OK,login_make_delete_logout 2-1,text,true,,1109231,246,5,5,http://193.105.219.194:8080/api/gds-release/v1/products?includeInactive=true,454,0,59
1537689442059,82,delete_product,200,OK,login_make_delete_logout 2-1,text,true,,300,251,4,4,http://193.105.219.194:8080/api/gds-release/v1/products/563,82,0,0
1537689442038,104,logout_post,200,OK,login_make_delete_logout 2-10,,true,,251,250,4,4,http://193.105.219.194:8080/api/gds-release/v1/auth/logout,104,0,0
1537689441137,1003,get_product_list,200,OK,login_make_delete_logout 2-9,text,true,,1109464,246,4,4,http://193.105.219.194:8080/api/gds-release/v1/products?includeInactive=true,408,0,0
1537689442142,30,logout_post,200,OK,login_make_delete_logout 2-1,,true,,251,250,3,3,http://193.105.219.194:8080/api/gds-release/v1/auth/logout,30,0,0
1537689440750,1413,get_product_list,200,OK,login_make_delete_logout 2-6,text,true,,1109482,246,3,3,http://193.105.219.194:8080/api/gds-release/v1/products?includeInactive=true,370,0,0
1537689442163,30,delete_product,200,OK,login_make_delete_logout 2-9,text,true,,300,252,2,2,http://193.105.219.194:8080/api/gds-release/v1/products/4169,30,0,0
1537689442182,28,delete_product,200,OK,login_make_delete_logout 2-6,text,true,,300,252,2,2,http://193.105.219.194:8080/api/gds-release/v1/products/2277,28,0,0
1537689442194,30,logout_post,200,OK,login_make_delete_logout 2-9,,true,,251,250,2,2,http://193.105.219.194:8080/api/gds-release/v1/auth/logout,30,0,0
1537689442211,26,logout_post,200,OK,login_make_delete_logout 2-6,,true,,251,250,1,1,http://193.105.219.194:8080/api/gds-release/v1/auth/logout,26,0,0
